"ID","gender","height","weight","phys"
"ID1","Male",183.59,84.01,"None"
"ID2","Male",177.78,61.26,"Moderate"
"ID3","Female",167.25,68.03,"None"
"ID4","Male",173.96,67.93,"Moderate"
"ID5","Male",174.99,63.65,"Moderate"
"ID6","Female",167.38,68.59,"Moderate"
"ID7","Male",182.8,79.12,"Moderate"
"ID8","Male",178.46,73.9,"None"
"ID9","Male",183.7,80.21,"Moderate"
"ID10","Male",172.46,97.75,"Moderate"
"ID11","Male",176.66,71.19,"Intense"
"ID12","Female",164.17,64.97,"Intense"
"ID13","Male",176.36,63.08,"Moderate"
"ID14","Female",164.83,55.84,"Intense"
"ID15","Female",175.11,62.44,"Intense"
"ID16","Male",175,65.94,"None"
"ID17","Male",181.5,71.33,"Intense"
"ID18","Female",172.28,83.5,"Moderate"
"ID19","Female",175.71,72.46,"None"
"ID20","Female",162.77,60.17,"None"
"ID21","Female",170.99,74.72,"Moderate"
"ID22","Male",179.98,73.61,"None"
"ID23","Male",178.74,78.21,"Moderate"
"ID24","Female",162.53,59.81,"Moderate"
"ID25","Male",174.02,79.8,"Moderate"
"ID26","Female",170.15,67.38,"None"
"ID27","Male",179.76,69.96,"None"
"ID28","Male",169.6,73.18,"None"
"ID29","Female",175.32,90.07,"Moderate"
"ID30","Male",177.55,79.8,"Moderate"
"ID31","Male",171.97,56.01,"Intense"
"ID32","Female",171.87,60.87,"None"
"ID33","Male",180.52,64.75,"Moderate"
"ID34","Female",172.02,63.06,"Moderate"
"ID35","Male",182.98,96.5,"Intense"
"ID36","Female",170.62,78.97,"Intense"
"ID37","Female",170.56,71.36,"Intense"
"ID38","Female",165.99,52.81,"Intense"
"ID39","Male",178.46,78.59,"Intense"
"ID40","Female",173.08,70.02,"Moderate"
"ID41","Male",174.91,67.31,"None"
"ID42","Male",172.59,71.08,"Intense"
"ID43","Female",172,60.6,"Moderate"
"ID44","Male",175.31,72.54,"Moderate"
"ID45","Female",167.4,57.38,"Intense"
"ID46","Female",173.86,63.75,"None"
"ID47","Male",175.59,77.83,"Moderate"
"ID48","Male",177.46,76.99,"Moderate"
"ID49","Female",166.11,60.03,"Moderate"
"ID50","Female",176.71,73.31,"Moderate"
"ID51","Female",170.2,65.82,"Intense"
"ID52","Male",170.28,69.05,"Intense"
"ID53","Female",167.18,48.68,"Moderate"
"ID54","Female",162.42,53.88,"Intense"
"ID55","Male",170.08,76.77,"None"
"ID56","Male",171.72,75.42,"Moderate"
"ID57","Female",163.4,46.74,"Intense"
"ID58","Female",167.85,65.01,"Moderate"
"ID59","Female",171.09,70.27,"Intense"
"ID60","Female",172.57,56.66,"Intense"
"ID61","Male",180.43,80.16,"Intense"
"ID62","Male",177.46,87.92,"Moderate"
"ID63","Female",162.18,74.65,"Moderate"
"ID64","Male",185.23,75.15,"Moderate"
"ID65","Female",171.45,76.43,"None"
"ID66","Male",171.33,67.1,"None"
"ID67","Male",171.49,64.24,"Moderate"
"ID68","Female",168.11,61.14,"None"
"ID69","Male",181.92,59.63,"Moderate"
"ID70","Female",171.76,78.16,"Intense"
"ID71","Male",174.92,69.61,"Intense"
"ID72","Female",160.17,60.06,"Moderate"
"ID73","Male",175.13,75.5,"None"
"ID74","Male",180.56,67.84,"Moderate"
"ID75","Male",176.56,62.05,"Intense"
"ID76","Male",180.09,71.94,"Moderate"
"ID77","Male",175.18,59.21,"Intense"
"ID78","Male",182.86,92.34,"Intense"
"ID79","Male",183.04,76.93,"Intense"
"ID80","Female",169.28,60.55,"Moderate"
"ID81","Female",168.06,64.3,"Moderate"
"ID82","Female",166.51,46.69,"Moderate"
"ID83","Male",178.79,76.4,"Moderate"
"ID84","Male",188.76,64.97,"Moderate"
"ID85","Male",175.14,59.75,"Intense"
"ID86","Male",177.41,67.22,"None"
"ID87","Male",181.45,77.45,"Intense"
"ID88","Male",181.63,89.66,"Moderate"
"ID89","Male",171.19,77.38,"None"
"ID90","Male",172.44,63.15,"Moderate"
"ID91","Male",181.22,76.42,"Moderate"
"ID92","Female",171.96,99.87,"Moderate"
"ID93","Male",174.74,66.32,"Intense"
"ID94","Female",167.28,59.3,"Moderate"
"ID95","Male",176.32,81.71,"Moderate"
"ID96","Male",181.5,91.57,"Moderate"
"ID97","Male",175.27,78.64,"Moderate"
"ID98","Male",180.08,82.48,"Moderate"
"ID99","Male",178.84,62.15,"Intense"
"ID100","Male",178.76,66.87,"Intense"
"ID101","Female",169.54,82.43,"None"
"ID102","Male",176.39,76.55,"Intense"
"ID103","Male",169.68,53.34,"Moderate"
"ID104","Male",175.15,67.82,"Moderate"
"ID105","Male",176.11,78.27,"Intense"
"ID106","Male",176.01,68.99,"Intense"
"ID107","Male",178.81,63.96,"Moderate"
"ID108","Female",166.49,76.36,"Moderate"
"ID109","Female",175.22,70.69,"Moderate"
"ID110","Male",181.12,64.98,"Moderate"
"ID111","Female",162.59,67.13,"Moderate"
"ID112","Male",175.42,78.13,"Moderate"
"ID113","Female",166.24,49.26,"Intense"
"ID114","Female",160.78,54.28,"None"
"ID115","Female",167.74,53.71,"Intense"
"ID116","Male",177.6,55.5,"Moderate"
"ID117","Male",181.27,91.38,"Moderate"
"ID118","Female",162.24,48.77,"Moderate"
"ID119","Male",180.13,76.81,"None"
"ID120","Male",181.54,77.93,"None"
"ID121","Male",179.72,68.74,"None"
"ID122","Female",163.02,60.88,"Moderate"
"ID123","Female",172.41,64.71,"Moderate"
"ID124","Male",177.76,72.26,"None"
"ID125","Male",179.9,67.46,"Intense"
"ID126","Male",179.1,89.27,"None"
"ID127","Female",162.91,73.85,"Moderate"
"ID128","Male",185.11,73.47,"Intense"
"ID129","Female",163.97,56.17,"None"
"ID130","Female",170.09,65.25,"Moderate"
"ID131","Male",179.35,77.12,"Intense"
"ID132","Female",170.57,65.59,"Moderate"
"ID133","Female",163.29,49.5,"Moderate"
"ID134","Female",172.35,76.33,"Moderate"
"ID135","Male",178.27,76.37,"Intense"
"ID136","Female",165.93,49.07,"None"
"ID137","Female",167.27,77.26,"None"
"ID138","Male",177.39,78.81,"Moderate"
"ID139","Female",160.96,58.16,"Intense"
"ID140","Female",165.97,63.93,"Intense"
"ID141","Female",164.66,63.28,"Moderate"
"ID142","Male",179.87,69.21,"Intense"
"ID143","Male",178.46,54.45,"Intense"
"ID144","Female",176.24,66.97,"Moderate"
"ID145","Male",179.79,76.23,"Moderate"
"ID146","Male",171.77,46.95,"Intense"
"ID147","Female",165.81,60.71,"Moderate"
"ID148","Male",177.45,93.19,"Moderate"
"ID149","Male",185.02,72.33,"None"
"ID150","Female",169.88,69.33,"Intense"
"ID151","Male",176.49,63.19,"Moderate"
"ID152","Female",168.16,66.07,"Moderate"
"ID153","Male",178.75,72.71,"Moderate"
"ID154","Female",161.49,65.67,"None"
"ID155","Male",180.89,85.01,"Intense"
"ID156","Female",174.17,64.81,"Moderate"
"ID157","Female",166.34,75.71,"Moderate"
"ID158","Male",173.51,56.15,"Moderate"
"ID159","Male",175.14,62.82,"Moderate"
"ID160","Female",172.66,82.38,"Intense"
"ID161","Female",160.38,59.49,"Intense"
"ID162","Male",174.74,72.05,"Moderate"
"ID163","Female",158.72,60.83,"Moderate"
"ID164","Male",174.21,56.63,"Moderate"
"ID165","Female",171.39,65.26,"Intense"
"ID166","Male",185.09,75.8,"Moderate"
"ID167","Male",175.61,67.76,"Intense"
"ID168","Female",167.16,72.29,"Moderate"
"ID169","Male",172.05,47.2,"Moderate"
"ID170","Male",182.2,97.48,"None"
"ID171","Female",163.79,50.95,"Intense"
"ID172","Male",174.85,58.56,"Intense"
"ID173","Female",169.87,66.98,"Moderate"
"ID174","Female",172.8,64.01,"Moderate"
"ID175","Male",175.74,56.12,"Moderate"
"ID176","Male",165.01,58.66,"None"
"ID177","Female",168.56,67.06,"None"
"ID178","Female",174.77,67,"None"
"ID179","Female",169.01,72.71,"Moderate"
"ID180","Female",164.8,60.36,"Intense"
"ID181","Male",176.25,60.35,"None"
"ID182","Female",168.49,52.68,"Intense"
"ID183","Male",180.65,71.47,"Moderate"
"ID184","Male",175.88,69.55,"None"
"ID185","Female",160.73,58.19,"Moderate"
"ID186","Male",179.9,81.68,"Moderate"
"ID187","Female",168.42,37.54,"Moderate"
"ID188","Female",167.64,70.17,"None"
"ID189","Male",175.84,69.35,"Intense"
"ID190","Female",163.57,56.97,"Moderate"
"ID191","Female",165.5,61.05,"Moderate"
"ID192","Female",166.96,63.78,"Moderate"
"ID193","Female",167.27,72.66,"Moderate"
"ID194","Male",177.83,69.43,"Moderate"
"ID195","Female",170.64,56.57,"None"
"ID196","Female",171.19,57.23,"Moderate"
"ID197","Male",178.39,73.47,"Intense"
"ID198","Male",177.95,65.93,"Moderate"
"ID199","Female",166.44,71.56,"Moderate"
"ID200","Female",163.69,66.84,"None"
"ID201","Female",169.47,60.17,"Moderate"
"ID202","Male",177.1,74.49,"Moderate"
"ID203","Female",173.7,77.51,"Intense"
"ID204","Male",181.56,91.84,"None"
"ID205","Male",181,74.34,"Moderate"
"ID206","Male",173.45,70.1,"Intense"
"ID207","Male",182.74,85.22,"Moderate"
"ID208","Female",161.43,65.44,"Intense"
"ID209","Male",172.14,68.71,"Moderate"
"ID210","Female",170.54,53.42,"Intense"
"ID211","Male",175.28,78.67,"Moderate"
"ID212","Female",168.08,63.9,"Moderate"
"ID213","Male",177.72,71.88,"Moderate"
"ID214","Female",168.14,65.01,"Moderate"
"ID215","Male",177.46,89.3,"None"
"ID216","Female",174.39,63.72,"Intense"
"ID217","Male",182.25,76.97,"None"
"ID218","Male",180.88,82.48,"Moderate"
"ID219","Female",174.58,74.09,"Intense"
"ID220","Female",168.94,59.42,"Moderate"
"ID221","Female",162.99,59.88,"None"
"ID222","Male",165.19,61.13,"Intense"
"ID223","Female",167.76,65.4,"Moderate"
"ID224","Female",164.3,46.31,"Moderate"
"ID225","Female",168.46,57,"None"
"ID226","Female",167.56,61.35,"Intense"
"ID227","Male",179.07,78.53,"Intense"
"ID228","Male",178.93,74.33,"Moderate"
"ID229","Female",162.08,52.45,"Moderate"
"ID230","Male",181.62,61.87,"Moderate"
"ID231","Female",164.8,70.78,"Moderate"
"ID232","Male",179.2,82.64,"None"
"ID233","Female",171.42,70.02,"Moderate"
"ID234","Female",174.26,87.17,"Moderate"
"ID235","Female",169.5,72.97,"Moderate"
"ID236","Male",176.93,67.21,"Moderate"
"ID237","Female",170.13,78.71,"Intense"
"ID238","Male",178.92,69.93,"Moderate"
"ID239","Female",162.56,58.8,"None"
"ID240","Female",162.31,60.16,"Intense"
"ID241","Female",173.22,61.77,"None"
"ID242","Male",176.86,73.76,"Moderate"
"ID243","Male",183.29,87.26,"Moderate"
"ID244","Male",174.32,75.39,"Moderate"
"ID245","Female",169,70.63,"Intense"
"ID246","Female",165.09,56.73,"Moderate"
"ID247","Female",174.25,66.46,"Moderate"
"ID248","Male",176.73,75.91,"Moderate"
"ID249","Female",168.85,67.3,"None"
"ID250","Female",169.7,82.2,"Moderate"
"ID251","Male",178.16,63.54,"None"
"ID252","Female",169.67,66.5,"Moderate"
"ID253","Female",165.73,66.57,"Moderate"
"ID254","Female",164.23,70.02,"Moderate"
"ID255","Male",181.49,63.22,"Moderate"
"ID256","Male",180.21,76.89,"Moderate"
"ID257","Male",177.42,58.3,"Intense"
"ID258","Female",165.72,66.18,"Moderate"
"ID259","Female",167.74,52,"Moderate"
"ID260","Male",169.21,76.15,"None"
"ID261","Male",186.75,71.22,"None"
"ID262","Female",172.32,61.97,"Moderate"
"ID263","Male",180.18,93.15,"Intense"
"ID264","Male",176.16,65.11,"Moderate"
"ID265","Female",160.11,57.68,"Moderate"
"ID266","Male",170.88,74.96,"Moderate"
"ID267","Female",168.59,53.02,"None"
"ID268","Male",175.7,90.97,"None"
"ID269","Male",183.37,81.18,"Intense"
"ID270","Female",168.65,60.22,"Moderate"
"ID271","Female",171.22,74.84,"Moderate"
"ID272","Female",163.34,72.04,"Moderate"
"ID273","Male",181.83,68.75,"Intense"
"ID274","Male",177.47,65.04,"Intense"
"ID275","Male",186.06,58.17,"Intense"
"ID276","Female",164.39,49.58,"Moderate"
"ID277","Female",171.78,71.15,"Moderate"
"ID278","Male",183.22,87.53,"None"
"ID279","Female",168.78,50.06,"Moderate"
"ID280","Male",181.95,80.25,"Moderate"
"ID281","Male",177.39,62,"Intense"
"ID282","Female",162.77,52.33,"Moderate"
"ID283","Male",180.55,68.45,"Moderate"
"ID284","Female",173.15,64.59,"Moderate"
"ID285","Female",175.45,68.36,"None"
"ID286","Female",164.8,68.39,"Intense"
"ID287","Female",160.74,46.88,"Intense"
"ID288","Female",165.21,57.42,"Intense"
"ID289","Male",179.09,76.83,"Moderate"
"ID290","Female",167.03,72.01,"Intense"
"ID291","Male",176.62,73.93,"None"
"ID292","Female",169.75,66.66,"Moderate"
"ID293","Female",170.59,64.06,"Moderate"
"ID294","Male",177.9,69.67,"Intense"
"ID295","Female",165.8,56.88,"None"
"ID296","Female",165.36,67.06,"None"
"ID297","Female",166.33,60.28,"Intense"
"ID298","Male",173.9,62.95,"Moderate"
"ID299","Male",181.61,75.53,"Intense"
"ID300","Female",168.4,57.26,"Moderate"
"ID301","Female",173.57,77.62,"None"
"ID302","Male",178.49,82.12,"Moderate"
"ID303","Male",175.29,65.49,"Moderate"
"ID304","Female",165.74,51.03,"Intense"
"ID305","Male",175.83,69.33,"Moderate"
"ID306","Male",177.85,73.9,"None"
"ID307","Female",165.64,60.32,"None"
"ID308","Female",167.89,64.9,"Moderate"
"ID309","Male",178.89,74.89,"Intense"
"ID310","Female",178.23,85.04,"Moderate"
"ID311","Male",174.61,68.04,"Intense"
"ID312","Male",171.06,59.16,"None"
"ID313","Male",173.58,70.66,"Moderate"
"ID314","Female",166.92,75.73,"Moderate"
"ID315","Female",161.35,59.29,"Intense"
"ID316","Male",173.62,50.66,"None"
"ID317","Female",164.92,61.37,"Intense"
"ID318","Male",180.2,69.42,"Intense"
"ID319","Female",167.73,64.43,"Moderate"
"ID320","Female",169,62.11,"Intense"
"ID321","Male",176.71,80.22,"Moderate"
"ID322","Male",185.65,56.3,"Moderate"
"ID323","Female",173.34,60.93,"Moderate"
"ID324","Male",177.69,76.49,"None"
"ID325","Female",171.82,73.04,"Moderate"
"ID326","Male",178.44,63.35,"Moderate"
"ID327","Female",169.5,69.1,"Moderate"
"ID328","Female",176.97,69.79,"Moderate"
"ID329","Male",184.45,85.87,"None"
"ID330","Male",183.05,93.95,"None"
"ID331","Female",168.18,68.68,"Intense"
"ID332","Male",179.16,56.48,"Moderate"
"ID333","Female",165.42,66.94,"Moderate"
"ID334","Male",181.26,85.79,"Intense"
"ID335","Male",178.66,79.25,"Moderate"
"ID336","Female",167.88,61.08,"Moderate"
"ID337","Female",173.39,80.7,"Intense"
"ID338","Male",189.98,93.52,"Moderate"
"ID339","Female",165.34,55.38,"Intense"
"ID340","Female",172.26,77.35,"None"
"ID341","Male",180.66,65.89,"Moderate"
"ID342","Female",167.75,59.08,"None"
"ID343","Male",171.55,83.4,"None"
"ID344","Female",164.73,61.41,"Intense"
"ID345","Male",178.23,67.34,"Moderate"
"ID346","Male",176.03,75.04,"None"
"ID347","Female",166.64,76.86,"None"
"ID348","Male",177.28,81.23,"None"
"ID349","Male",179.26,77.32,"Intense"
"ID350","Male",176.79,63.65,"Moderate"
"ID351","Female",167.6,60.04,"Moderate"
"ID352","Female",167.17,76.76,"Moderate"
"ID353","Female",166.45,72.16,"None"
"ID354","Female",164.08,66.64,"Intense"
"ID355","Female",164.83,57.89,"None"
"ID356","Female",169.53,61.74,"None"
"ID357","Male",179.67,94.43,"None"
"ID358","Male",175.88,69.36,"None"
"ID359","Female",167.71,73.17,"None"
"ID360","Male",181.52,78.83,"Moderate"
"ID361","Female",166.98,64.49,"Intense"
"ID362","Female",165.78,69.51,"Moderate"
"ID363","Male",182.83,84.14,"Intense"
"ID364","Male",175.32,57.62,"Moderate"
"ID365","Male",180.06,69.14,"None"
"ID366","Female",166.08,72.84,"None"
"ID367","Male",178.52,66.84,"Intense"
"ID368","Male",167.63,57.58,"Moderate"
"ID369","Female",170.82,77.23,"None"
"ID370","Male",179.96,61.43,"Moderate"
"ID371","Female",171.01,64.74,"None"
"ID372","Male",175.64,69.51,"Intense"
"ID373","Female",167.08,53.79,"Intense"
"ID374","Female",164.03,69.81,"Intense"
"ID375","Male",180.07,86.92,"Intense"
"ID376","Male",174.77,78.39,"None"
"ID377","Male",180.21,65.11,"None"
"ID378","Male",177.35,80.61,"Moderate"
"ID379","Male",183.83,54.93,"None"
"ID380","Male",175.03,78.87,"None"
"ID381","Male",179.89,63.85,"Intense"
"ID382","Male",183.3,75.98,"Moderate"
"ID383","Female",171.89,68.72,"Moderate"
"ID384","Female",166.63,52.51,"None"
"ID385","Female",171.08,73.46,"None"
"ID386","Female",172.54,83.43,"Intense"
"ID387","Male",179.05,80.49,"None"
"ID388","Male",179.95,56.26,"Intense"
"ID389","Female",168.54,74.42,"Intense"
"ID390","Female",168.98,66.91,"None"
"ID391","Female",173.44,68.51,"Moderate"
"ID392","Male",180.61,83.69,"None"
"ID393","Female",168.37,58.63,"Moderate"
"ID394","Female",174.32,46.86,"Intense"
"ID395","Female",166.28,56.11,"Moderate"
"ID396","Female",173.25,59.07,"Moderate"
"ID397","Male",172.88,46.6,"Intense"
"ID398","Female",171.6,70.91,"Intense"
"ID399","Male",181.34,80.1,"None"
"ID400","Male",173.7,91.96,"Moderate"
"ID401","Male",179.09,72.93,"Intense"
"ID402","Female",163.75,60.39,"None"
"ID403","Male",177.91,61.84,"Moderate"
"ID404","Female",168.17,71.04,"None"
"ID405","Male",174.56,65.91,"Moderate"
"ID406","Male",178.67,65.65,"Moderate"
"ID407","Female",164.6,69.77,"Intense"
"ID408","Female",173.52,65,"Moderate"
"ID409","Female",169.74,73.08,"None"
"ID410","Female",167.97,75.08,"Moderate"
"ID411","Male",177.8,85.75,"None"
"ID412","Male",179.83,62.63,"Moderate"
"ID413","Female",166.22,68.61,"Moderate"
"ID414","Male",181.66,72.97,"None"
"ID415","Female",169.96,70.56,"Moderate"
"ID416","Male",176.03,77.25,"Intense"
"ID417","Male",178.38,78.53,"None"
"ID418","Female",166.4,68.74,"Moderate"
"ID419","Female",172.07,66.77,"None"
"ID420","Male",183.36,71.01,"Intense"
"ID421","Male",178.79,77.53,"Moderate"
"ID422","Female",170.1,57.21,"Moderate"
"ID423","Male",181.18,64.34,"Moderate"
"ID424","Female",168.59,80.66,"None"
"ID425","Female",169.36,69.48,"Moderate"
"ID426","Female",168.57,68.8,"Intense"
"ID427","Male",178.46,67,"Intense"
"ID428","Male",175.94,57.08,"None"
"ID429","Female",165.92,65.9,"None"
"ID430","Male",173.79,61.43,"None"
"ID431","Female",172.72,66.67,"None"
"ID432","Male",175.79,69.87,"Moderate"
"ID433","Female",174.79,74.49,"Moderate"
"ID434","Female",167.96,49.97,"None"
"ID435","Male",174.53,63.49,"Moderate"
"ID436","Female",160.14,60.47,"None"
"ID437","Male",174.5,78.07,"Intense"
"ID438","Female",175.32,73.02,"Intense"
"ID439","Male",178.09,66.02,"Intense"
"ID440","Male",179.12,74.08,"Moderate"
"ID441","Male",177.26,77.45,"Moderate"
"ID442","Male",176.14,74.34,"Moderate"
"ID443","Male",176.79,72.74,"Moderate"
"ID444","Male",183.45,80.21,"Intense"
"ID445","Male",179.25,62.82,"Intense"
"ID446","Male",175.33,70.54,"Moderate"
"ID447","Male",176.53,67.13,"Intense"
"ID448","Male",179.1,58.18,"Intense"
"ID449","Female",170.26,66.48,"Moderate"
"ID450","Female",172.39,56.31,"Intense"
"ID451","Female",168.61,64.74,"Moderate"
"ID452","Female",162.5,57.86,"None"
"ID453","Female",168.64,62.23,"Intense"
"ID454","Male",172,76.93,"None"
"ID455","Female",174.32,70.36,"Moderate"
"ID456","Female",163.41,70.75,"None"
"ID457","Female",169.95,76.65,"Moderate"
"ID458","Female",167.03,74.89,"Moderate"
"ID459","Male",176.1,65.55,"Moderate"
"ID460","Male",171.2,64.38,"Intense"
"ID461","Male",176.17,68.85,"Moderate"
"ID462","Female",162.66,62.66,"Moderate"
"ID463","Female",172.31,72.05,"Moderate"
"ID464","Male",178.91,74.61,"Intense"
"ID465","Female",161.23,77.71,"None"
"ID466","Female",172.05,77.19,"Intense"
"ID467","Male",185.56,56.05,"Moderate"
"ID468","Male",172.79,77.35,"None"
"ID469","Female",167.27,61.76,"Moderate"
"ID470","Male",176.07,74.21,"Intense"
"ID471","Male",177.68,70.33,"Moderate"
"ID472","Female",172.78,56.21,"Moderate"
"ID473","Female",162.89,49.51,"Moderate"
"ID474","Male",179.07,84.53,"None"
"ID475","Female",172.8,50.73,"Moderate"
"ID476","Female",174.83,75.59,"Moderate"
"ID477","Male",177.29,69.58,"None"
"ID478","Male",174.39,56.61,"Moderate"
"ID479","Male",175.08,92.03,"Moderate"
"ID480","Male",183.88,67.42,"Intense"
"ID481","Male",188.74,83.04,"Moderate"
"ID482","Male",183.05,97.06,"Moderate"
"ID483","Female",169.01,63.05,"None"
"ID484","Female",169.56,69.52,"Moderate"
"ID485","Female",177.31,89.18,"None"
"ID486","Male",182.47,77.88,"Moderate"
"ID487","Female",167.93,64.6,"Moderate"
"ID488","Male",181.83,93.87,"Moderate"
"ID489","Female",169.35,76.3,"Moderate"
"ID490","Male",174.27,58.77,"Intense"
"ID491","Male",179.97,74.66,"Moderate"
"ID492","Male",178.15,71.29,"Moderate"
"ID493","Female",169.22,54.85,"Moderate"
"ID494","Male",182.78,80.65,"None"
"ID495","Male",181.33,89.43,"None"
"ID496","Female",167.99,71.83,"Moderate"
"ID497","Male",175.5,77.86,"Moderate"
"ID498","Female",160.85,58.63,"Moderate"
"ID499","Male",175.48,87.33,"Moderate"
"ID500","Female",170.12,60.52,"Moderate"
"ID501","Male",188.58,60.52,"None"
"ID502","Female",164.98,47.78,"Moderate"
"ID503","Male",172.27,52.28,"Moderate"
"ID504","Male",179.22,66.39,"Intense"
"ID505","Female",169.59,69.32,"None"
"ID506","Male",179.63,77.57,"Intense"
"ID507","Male",185.19,58.16,"Moderate"
"ID508","Male",177.72,78.75,"Moderate"
"ID509","Female",165.66,60.63,"Moderate"
"ID510","Female",166.88,79.27,"Intense"
"ID511","Male",184.48,84.36,"None"
"ID512","Female",169.53,61.35,"Moderate"
"ID513","Male",175.3,73.2,"Moderate"
"ID514","Male",178.58,75.56,"None"
"ID515","Female",167.58,75.01,"Intense"
"ID516","Female",169.86,57.49,"Intense"
"ID517","Female",167.77,67,"Moderate"
"ID518","Female",162.4,46.05,"Moderate"
"ID519","Male",179.26,87.58,"None"
"ID520","Female",165.34,57,"Intense"
"ID521","Male",176.08,73.91,"Moderate"
"ID522","Male",180.7,77.57,"Moderate"
"ID523","Female",171.09,79.46,"Intense"
"ID524","Male",183.8,78.89,"None"
"ID525","Male",172.35,81.85,"Moderate"
"ID526","Male",180.94,69.17,"Moderate"
"ID527","Female",167.9,55.47,"Intense"
"ID528","Male",178.82,72.71,"Moderate"
"ID529","Female",166.38,69.2,"Intense"
"ID530","Male",181.7,85.89,"Moderate"
"ID531","Female",170.84,78.86,"None"
"ID532","Male",177.81,65.23,"None"
"ID533","Female",159.27,59.43,"None"
"ID534","Male",177.13,84.3,"Moderate"
"ID535","Female",169.85,58.85,"Moderate"
"ID536","Female",164.19,58.32,"Moderate"
"ID537","Female",176.44,74.41,"None"
"ID538","Male",178.32,79.42,"Intense"
"ID539","Female",162.1,63.18,"Intense"
"ID540","Male",178.37,87.83,"Moderate"
"ID541","Male",170.37,87.17,"Moderate"
"ID542","Male",175.34,76.11,"None"
"ID543","Male",178.95,85.49,"Moderate"
"ID544","Female",169.61,54.72,"Intense"
"ID545","Male",176.88,58.34,"None"
"ID546","Female",169.63,51.38,"None"
"ID547","Female",165.73,60.9,"Intense"
"ID548","Male",176.9,78.46,"Intense"
"ID549","Female",165.2,64.63,"Moderate"
"ID550","Female",171.11,68.16,"Intense"
"ID551","Female",166.02,55.31,"Moderate"
"ID552","Male",178.35,71.32,"Moderate"
"ID553","Male",187.06,81.67,"None"
"ID554","Male",174.61,57.65,"Moderate"
"ID555","Female",166.97,51.46,"Intense"
"ID556","Male",179.74,65.72,"None"
"ID557","Female",174.46,67.57,"Intense"
"ID558","Female",167.73,70.84,"Intense"
"ID559","Female",170.87,87.54,"None"
"ID560","Male",175.48,84.5,"None"
"ID561","Female",162.27,45.54,"Moderate"
"ID562","Female",167.67,54.34,"Intense"
"ID563","Female",164.8,56.91,"Moderate"
"ID564","Female",172.56,60.56,"Intense"
"ID565","Male",175.64,61.86,"Moderate"
"ID566","Male",175.46,77.05,"None"
"ID567","Female",165.04,51.86,"Intense"
"ID568","Female",172.79,72.75,"Moderate"
"ID569","Female",166.71,65.71,"Moderate"
"ID570","Male",175.58,72.98,"Moderate"
"ID571","Male",180,66.63,"Intense"
"ID572","Female",166.32,62.4,"Intense"
"ID573","Female",166.42,53.62,"Moderate"
"ID574","Male",173.9,62.38,"Moderate"
"ID575","Female",168.94,60.43,"Moderate"
"ID576","Female",166.32,76.16,"Moderate"
"ID577","Male",178.17,78.14,"Moderate"
"ID578","Female",170.33,72.41,"Moderate"
"ID579","Female",166.75,63.92,"Moderate"
"ID580","Female",173.13,74.59,"None"
"ID581","Male",184.22,74.62,"Moderate"
"ID582","Male",174.25,74.9,"Moderate"
"ID583","Male",174.38,67.96,"Moderate"
"ID584","Female",159.1,53.54,"None"
"ID585","Male",180.63,80.3,"Moderate"
"ID586","Female",167.77,53.08,"Moderate"
"ID587","Male",173.38,68.27,"Moderate"
"ID588","Female",165.31,57.16,"Moderate"
"ID589","Male",176.59,69.26,"Moderate"
"ID590","Male",181.14,73.76,"None"
"ID591","Male",178.53,75.74,"Moderate"
"ID592","Female",163.54,54.87,"Intense"
"ID593","Male",187.49,68.77,"Moderate"
"ID594","Female",165.18,74.04,"Moderate"
"ID595","Female",172.77,86.34,"Moderate"
"ID596","Female",167.67,57.54,"Moderate"
"ID597","Female",170.05,63.75,"Moderate"
"ID598","Female",162.97,65.4,"None"
"ID599","Male",181.69,74.18,"Moderate"
"ID600","Male",180.18,71.77,"Moderate"
"ID601","Male",184.32,68.68,"Moderate"
"ID602","Male",175.08,61.57,"Moderate"
"ID603","Female",166.53,69.52,"Moderate"
"ID604","Male",176.52,70.45,"Moderate"
"ID605","Female",167.52,58.97,"None"
"ID606","Male",182.77,66.23,"None"
"ID607","Female",171.58,65.99,"Moderate"
"ID608","Male",178.27,47.23,"Intense"
"ID609","Female",173.27,91.13,"None"
"ID610","Male",171.16,81.78,"None"
"ID611","Male",175.59,74.63,"Intense"
"ID612","Male",178.86,74.68,"Intense"
"ID613","Male",170.63,68.11,"None"
"ID614","Male",170.33,61.63,"Moderate"
"ID615","Male",176.22,65.31,"Intense"
"ID616","Female",170.25,66.02,"Moderate"
"ID617","Male",175.07,62.35,"Moderate"
"ID618","Female",164.4,55.95,"Moderate"
"ID619","Female",169.98,55.25,"Moderate"
"ID620","Female",169.96,73.78,"None"
"ID621","Male",184.14,79.69,"Moderate"
"ID622","Male",181.09,79.09,"Intense"
"ID623","Male",176.72,58.86,"None"
"ID624","Female",181.17,85.34,"Intense"
"ID625","Female",165.63,71.6,"None"
"ID626","Male",177.16,71.62,"Moderate"
"ID627","Female",166.89,63.95,"Intense"
"ID628","Male",176.63,80.53,"Moderate"
"ID629","Male",183.49,83.31,"Intense"
"ID630","Male",175.69,84.64,"None"
"ID631","Female",165.29,72.82,"Moderate"
"ID632","Female",169.24,75.46,"Moderate"
"ID633","Male",186.23,90.21,"Intense"
"ID634","Female",163.84,57.35,"Intense"
"ID635","Male",179.44,70.14,"Moderate"
"ID636","Female",169.97,63.09,"Moderate"
"ID637","Female",169.06,72.9,"Intense"
"ID638","Female",173.64,53.32,"None"
"ID639","Female",177.11,62.27,"None"
"ID640","Female",168.14,62.01,"None"
"ID641","Male",178.38,49.14,"Intense"
"ID642","Male",178.21,81.45,"Intense"
"ID643","Female",170,57.85,"Intense"
"ID644","Male",179.53,61.94,"None"
"ID645","Male",169.2,68.92,"Moderate"
"ID646","Male",174.94,72.9,"Moderate"
"ID647","Male",172.22,81.69,"Moderate"
"ID648","Female",166.03,73,"Moderate"
"ID649","Female",167.51,66.82,"Intense"
"ID650","Male",180.46,80.32,"Moderate"
"ID651","Male",181.34,66.31,"None"
"ID652","Female",164.49,60.04,"None"
"ID653","Female",169.6,77.09,"Moderate"
"ID654","Male",168.85,53.37,"None"
"ID655","Female",164.59,60.36,"Moderate"
"ID656","Male",176.93,69.06,"Moderate"
"ID657","Male",177.38,63.18,"Moderate"
"ID658","Female",177.7,87.55,"None"
"ID659","Male",175.57,79.72,"None"
"ID660","Female",170.1,74.89,"Intense"
"ID661","Male",174.57,69.44,"Moderate"
"ID662","Male",179.19,66.5,"Intense"
"ID663","Male",176.62,70.63,"Intense"
"ID664","Male",179.73,78.18,"Moderate"
"ID665","Female",161.69,72.72,"Intense"
"ID666","Female",172.29,59.01,"None"
"ID667","Male",183.79,57.91,"Moderate"
"ID668","Male",180.64,76.04,"Moderate"
"ID669","Female",169.26,71.2,"None"
"ID670","Female",168.23,68.42,"Moderate"
"ID671","Male",168.66,59.11,"Moderate"
"ID672","Male",175.11,75.21,"Intense"
"ID673","Female",169.54,58.18,"Moderate"
"ID674","Female",168.16,65.72,"Moderate"
"ID675","Female",159.93,60.36,"Intense"
"ID676","Male",171.96,63.02,"Intense"
"ID677","Male",178.7,83.49,"None"
"ID678","Female",171.31,71.17,"Moderate"
"ID679","Male",175.73,67.34,"None"
"ID680","Male",178.35,69.2,"Intense"
"ID681","Female",167.74,79.07,"Moderate"
"ID682","Female",170.36,62.57,"Moderate"
"ID683","Male",180.32,97.86,"Moderate"
"ID684","Female",160.08,47.07,"Moderate"
"ID685","Female",167.18,53.97,"None"
"ID686","Female",162.9,59.79,"Moderate"
"ID687","Male",184.11,83.45,"Moderate"
"ID688","Male",174.88,69.8,"Moderate"
"ID689","Female",170.03,66.65,"Intense"
"ID690","Female",165.14,67,"Moderate"
"ID691","Female",168.06,67.87,"Moderate"
"ID692","Female",168.18,74.08,"Intense"
"ID693","Male",185.4,80.87,"Moderate"
"ID694","Male",170.64,70.03,"Moderate"
"ID695","Male",179.75,74.39,"Intense"
"ID696","Male",179.12,74.95,"Intense"
"ID697","Female",166.08,57.6,"None"
"ID698","Male",179.44,75.04,"Intense"
"ID699","Female",165.23,60.9,"Moderate"
"ID700","Male",181.27,83.43,"Moderate"
"ID701","Female",159.57,61.21,"Intense"
"ID702","Male",179.89,85.03,"Intense"
"ID703","Female",162.94,64.24,"Moderate"
"ID704","Male",183.74,89.63,"Intense"
"ID705","Male",183.1,85.71,"Moderate"
"ID706","Male",180.68,88.81,"None"
"ID707","Male",179,79,"Moderate"
"ID708","Female",168.29,59.55,"Moderate"
"ID709","Male",177.7,64.95,"Moderate"
"ID710","Female",168.35,58.08,"None"
"ID711","Female",169.52,63.65,"Moderate"
"ID712","Female",173.96,56.41,"Moderate"
"ID713","Female",170.81,76.89,"Intense"
"ID714","Male",178.94,72.69,"Moderate"
"ID715","Female",164.49,67.59,"Intense"
"ID716","Male",171.65,67.3,"None"
"ID717","Female",165.09,65.26,"Moderate"
"ID718","Female",167.32,73.32,"Moderate"
"ID719","Female",167.01,70.01,"Intense"
"ID720","Male",178.29,69.77,"None"
"ID721","Female",166.27,66.73,"Moderate"
"ID722","Female",168.59,63.26,"Moderate"
"ID723","Male",179.11,77.23,"None"
"ID724","Male",175.21,66.7,"Moderate"
"ID725","Male",180.89,75.35,"None"
"ID726","Male",176.3,79.59,"None"
"ID727","Male",182.22,68.17,"None"
"ID728","Male",172.01,52.98,"Moderate"
"ID729","Male",179.85,77.3,"None"
"ID730","Female",172.97,64.81,"Moderate"
"ID731","Male",168.91,68.3,"None"
"ID732","Female",164.42,67.32,"Intense"
"ID733","Male",168.8,71.34,"Intense"
"ID734","Male",182.1,69.42,"Moderate"
"ID735","Female",167.2,59.5,"Moderate"
"ID736","Male",180,54.2,"None"
"ID737","Male",172,62.27,"Moderate"
"ID738","Female",169.2,57.89,"Moderate"
"ID739","Female",165.09,79.06,"Intense"
"ID740","Female",172.99,70.31,"Intense"
"ID741","Female",173.19,62.02,"Moderate"
"ID742","Male",178.16,69.3,"Moderate"
"ID743","Female",173.77,56.84,"None"
"ID744","Male",171.43,59.32,"Moderate"
"ID745","Female",169.71,78.91,"Moderate"
"ID746","Male",176.93,68.34,"Moderate"
"ID747","Female",161.9,49.43,"None"
"ID748","Male",175.29,65.36,"Moderate"
"ID749","Male",173.49,64.43,"Intense"
"ID750","Female",171.77,62,"None"
"ID751","Male",175.81,72.1,"Intense"
"ID752","Male",177.65,70.77,"Moderate"
"ID753","Female",168.36,64.06,"Intense"
"ID754","Female",160.75,40.08,"Moderate"
"ID755","Female",167.81,74.09,"Intense"
"ID756","Male",175.24,80.35,"Intense"
"ID757","Female",171.17,63.8,"None"
"ID758","Female",162.88,57.63,"Intense"
"ID759","Male",184.45,84.59,"None"
"ID760","Female",165.07,53.63,"Moderate"
"ID761","Female",168.87,55.26,"None"
"ID762","Male",176.42,71.01,"Moderate"
"ID763","Female",167.62,71.48,"None"
"ID764","Male",178.16,79.05,"None"
"ID765","Female",172.94,88.63,"None"
"ID766","Male",174.5,59.37,"Moderate"
"ID767","Male",167.79,64.27,"Moderate"
"ID768","Female",168.25,65.02,"Moderate"
"ID769","Male",175.47,88.9,"Moderate"
"ID770","Male",176.65,61.26,"None"
"ID771","Male",183.58,65.01,"Moderate"
"ID772","Female",165.19,72.42,"Moderate"
"ID773","Male",176.47,71.33,"Intense"
"ID774","Female",170.09,61.47,"Moderate"
"ID775","Male",174.52,63.2,"Moderate"
"ID776","Female",170.84,52.95,"Moderate"
"ID777","Female",170.69,55.11,"Moderate"
"ID778","Male",181.57,65.59,"Intense"
"ID779","Female",173.38,52.9,"Moderate"
"ID780","Female",168.64,61.87,"Moderate"
"ID781","Female",167.85,51.61,"Moderate"
"ID782","Male",181.37,72.65,"Moderate"
"ID783","Male",176.33,83.34,"Intense"
"ID784","Male",182.29,81.12,"Moderate"
"ID785","Female",168.31,62.2,"None"
"ID786","Male",178.22,70.12,"Intense"
"ID787","Female",166.75,59.34,"None"
"ID788","Male",180.42,77.2,"Intense"
"ID789","Male",174.32,67.93,"None"
"ID790","Male",179.83,78.5,"None"
"ID791","Female",164.17,53.44,"None"
"ID792","Male",180.08,61.33,"Moderate"
"ID793","Male",179.14,66.9,"Moderate"
"ID794","Female",173.88,68.54,"None"
"ID795","Female",171.39,71.24,"None"
"ID796","Female",161.52,63.07,"Moderate"
"ID797","Female",164.49,73.86,"Intense"
"ID798","Male",179.46,76.63,"Moderate"
"ID799","Female",164.89,66.91,"None"
"ID800","Female",169.53,59.84,"Moderate"
"ID801","Male",177.47,83.61,"Intense"
"ID802","Male",172.72,61.18,"None"
"ID803","Female",173.02,67.16,"Intense"
"ID804","Female",167.98,52.62,"Intense"
"ID805","Female",166.11,60.3,"None"
"ID806","Male",177.59,60.54,"Moderate"
"ID807","Male",182.76,65.54,"Moderate"
"ID808","Male",179.3,86.52,"Moderate"
"ID809","Female",164.53,59.85,"Moderate"
"ID810","Male",179.67,65.72,"Moderate"
"ID811","Female",165.46,64.94,"Intense"
"ID812","Female",166.87,77.77,"Moderate"
"ID813","Female",168.03,65.65,"Moderate"
"ID814","Female",166.87,65.32,"Moderate"
"ID815","Female",166.35,60.99,"Moderate"
"ID816","Male",178.65,70.87,"Moderate"
"ID817","Female",171.97,69.98,"Moderate"
"ID818","Female",166.92,54.65,"Moderate"
"ID819","Female",165.43,59.72,"Moderate"
"ID820","Male",179.39,76.66,"Intense"
"ID821","Male",173.27,65.66,"Moderate"
"ID822","Male",183.16,69.3,"Moderate"
"ID823","Female",172.76,53.35,"Intense"
"ID824","Male",175.17,67.51,"Intense"
"ID825","Female",168.14,61.18,"None"
"ID826","Male",181.43,71.66,"None"
"ID827","Female",171.45,76.25,"Moderate"
"ID828","Female",163.75,61.21,"Intense"
"ID829","Female",166.76,72.26,"Intense"
"ID830","Female",170.07,64.58,"Intense"
"ID831","Female",163.97,46.57,"Moderate"
"ID832","Male",175.63,91.02,"Moderate"
"ID833","Male",174.65,81.53,"Moderate"
"ID834","Female",167.15,59.52,"None"
"ID835","Female",175.98,69.73,"Intense"
"ID836","Female",169.31,67.99,"Moderate"
"ID837","Male",186.68,79.43,"Intense"
"ID838","Female",164.25,53.53,"Intense"
"ID839","Female",170.05,75.8,"Moderate"
"ID840","Male",174.22,57.39,"None"
"ID841","Male",171.67,83.49,"Moderate"
"ID842","Female",166.32,82.57,"Intense"
"ID843","Female",168.49,59.62,"Intense"
"ID844","Male",178.98,78.27,"Intense"
"ID845","Female",163.87,49.51,"Moderate"
"ID846","Female",166.32,64.14,"Intense"
"ID847","Female",170.09,63.78,"None"
"ID848","Male",173.99,71.98,"None"
"ID849","Female",175.46,79.58,"Intense"
"ID850","Female",170.79,74.35,"Moderate"
"ID851","Male",177.54,72.59,"Moderate"
"ID852","Male",184.65,92.84,"None"
"ID853","Female",167.62,62.64,"Moderate"
"ID854","Female",163.5,63.31,"Moderate"
"ID855","Female",164.21,77.04,"Moderate"
"ID856","Female",168.06,61.29,"Moderate"
"ID857","Female",167.82,55.86,"None"
"ID858","Male",174.62,79.79,"None"
"ID859","Male",184.16,83.69,"Intense"
"ID860","Male",174.96,66.26,"Moderate"
"ID861","Male",178.11,53.41,"None"
"ID862","Female",170.78,70.63,"None"
"ID863","Male",172.7,66.43,"None"
"ID864","Male",181.06,74.69,"Moderate"
"ID865","Male",177.84,66.14,"Intense"
"ID866","Female",167.72,62.19,"None"
"ID867","Female",162.87,60.31,"Intense"
"ID868","Male",178.31,60.83,"Intense"
"ID869","Female",162.55,60.32,"Moderate"
"ID870","Male",176.3,63.32,"None"
"ID871","Male",170.42,86.38,"None"
"ID872","Female",167.26,53.74,"Moderate"
"ID873","Male",177.73,76.76,"None"
"ID874","Female",170.19,72.99,"Moderate"
"ID875","Female",163.88,63.67,"Moderate"
"ID876","Male",177.45,71.24,"None"
"ID877","Male",180.99,79.09,"Moderate"
"ID878","Male",180.72,74.58,"Moderate"
"ID879","Female",170.99,72.36,"None"
"ID880","Female",169.54,65.47,"Intense"
"ID881","Female",172.29,63,"Intense"
"ID882","Male",180.14,83.34,"Moderate"
"ID883","Female",165.24,43.18,"Intense"
"ID884","Female",174.18,80.75,"Moderate"
"ID885","Male",179.42,86.98,"Moderate"
"ID886","Female",169.73,66.2,"Intense"
"ID887","Male",177.11,74.16,"Moderate"
"ID888","Male",175.85,59.35,"Moderate"
"ID889","Male",181.92,67.98,"Moderate"
"ID890","Male",175.24,68.37,"Intense"
"ID891","Female",162.46,53.25,"None"
"ID892","Female",164.59,54.8,"None"
"ID893","Female",166.13,57.03,"Intense"
"ID894","Male",178.69,70.47,"Moderate"
"ID895","Male",174.41,80.64,"Moderate"
"ID896","Female",171.61,41.09,"None"
"ID897","Male",175.53,76.74,"Moderate"
"ID898","Male",174.67,76.77,"Moderate"
"ID899","Male",182.27,70.65,"None"
"ID900","Female",164.58,45.9,"Moderate"
"ID901","Male",174.29,56.18,"None"
"ID902","Male",176.2,50.72,"Intense"
"ID903","Male",178.14,69.6,"None"
"ID904","Female",161.67,71.36,"None"
"ID905","Male",180.1,78.37,"Moderate"
"ID906","Male",178.95,84.51,"Intense"
"ID907","Female",164.24,67.11,"Moderate"
"ID908","Female",166.02,58.08,"Intense"
"ID909","Female",176.15,73.12,"Intense"
"ID910","Female",176.49,64.1,"Moderate"
"ID911","Female",177.37,54.59,"None"
"ID912","Male",178.23,64.21,"Moderate"
"ID913","Female",161.48,51.31,"Moderate"
"ID914","Female",165.46,56.57,"Moderate"
"ID915","Male",175.27,73.46,"Intense"
"ID916","Male",176.02,70.51,"Moderate"
"ID917","Male",182.99,108.08,"Moderate"
"ID918","Female",171.59,70.45,"Intense"
"ID919","Male",178.3,88.08,"Moderate"
"ID920","Female",165.08,62.66,"Intense"
"ID921","Male",184.87,89.27,"None"
"ID922","Female",165.29,56.36,"None"
"ID923","Male",177.42,65.29,"Intense"
"ID924","Female",164.31,74.97,"Intense"
"ID925","Male",174.76,61.48,"Moderate"
"ID926","Female",165.16,58.58,"None"
"ID927","Male",179.56,67.92,"Moderate"
"ID928","Male",185.4,68.38,"Moderate"
"ID929","Female",167.93,65.84,"Moderate"
"ID930","Male",176.34,86.41,"None"
"ID931","Female",170.84,71.25,"None"
"ID932","Male",184.68,74.02,"Moderate"
"ID933","Female",162.14,56.69,"None"
"ID934","Male",170.82,79.52,"None"
"ID935","Male",176.21,74.49,"Moderate"
"ID936","Female",165.96,47.82,"Moderate"
"ID937","Male",183.14,77.1,"Moderate"
"ID938","Female",169.25,69.81,"Intense"
"ID939","Female",165.04,61.95,"Moderate"
"ID940","Female",170.29,57.18,"Moderate"
"ID941","Female",169.63,71.56,"Intense"
"ID942","Female",167.18,64.75,"None"
"ID943","Male",172.61,73.5,"None"
"ID944","Male",177.97,61.07,"Moderate"
"ID945","Male",177.46,51.68,"None"
"ID946","Female",165.07,52.78,"Intense"
"ID947","Male",180.96,58.41,"None"
"ID948","Female",170.06,45.01,"Moderate"
"ID949","Male",178.44,65.06,"Moderate"
"ID950","Male",176.29,62.81,"None"
"ID951","Male",173.27,74.48,"None"
"ID952","Female",170.05,61.82,"Moderate"
"ID953","Female",168.77,68.5,"Moderate"
"ID954","Female",165.81,49.04,"Moderate"
"ID955","Male",183.35,63.57,"Moderate"
"ID956","Female",168.93,65.65,"Intense"
"ID957","Male",178.05,59.66,"Moderate"
"ID958","Male",176.56,83.27,"Moderate"
"ID959","Male",173.15,69.6,"Moderate"
"ID960","Female",166.62,60.13,"Moderate"
"ID961","Female",173.22,63.97,"Moderate"
"ID962","Female",168.21,85.08,"Moderate"
"ID963","Male",181.38,68.26,"Intense"
"ID964","Female",159.08,48.74,"Intense"
"ID965","Female",167.67,57.99,"Moderate"
"ID966","Male",180.07,53.94,"Intense"
"ID967","Male",184.36,76.46,"Moderate"
"ID968","Female",164.89,77.36,"None"
"ID969","Female",161.95,58.98,"None"
"ID970","Female",167.98,67.23,"Moderate"
"ID971","Female",167.86,76.18,"None"
"ID972","Female",162.27,58.89,"Intense"
"ID973","Female",171.77,56.92,"None"
"ID974","Male",173.12,80.25,"Moderate"
"ID975","Male",180.35,64.08,"Moderate"
"ID976","Male",179.57,55.42,"Intense"
"ID977","Male",180.51,61.25,"None"
"ID978","Male",177.3,76.84,"Moderate"
"ID979","Female",171.51,78.4,"Intense"
"ID980","Male",182.83,100.04,"None"
"ID981","Male",184.15,86.32,"Intense"
"ID982","Female",167.65,75.98,"Intense"
"ID983","Male",180.74,57.31,"Moderate"
"ID984","Female",170.33,66.66,"Moderate"
"ID985","Male",171.36,77.16,"Moderate"
"ID986","Male",184.3,71.67,"None"
"ID987","Male",184.8,88.26,"Moderate"
"ID988","Female",164.86,58.5,"Moderate"
"ID989","Male",180.03,63.52,"Moderate"
"ID990","Female",172.23,56.32,"Intense"
"ID991","Male",182.04,80.18,"Intense"
"ID992","Male",171.99,46.97,"Intense"
"ID993","Female",165.07,71.47,"None"
"ID994","Female",167.73,60.25,"Moderate"
"ID995","Male",175.24,71.29,"Moderate"
"ID996","Female",171.93,83.05,"Intense"
"ID997","Male",174.55,72.48,"Intense"
"ID998","Female",172.88,81.45,"Moderate"
"ID999","Male",176.11,67.56,"Moderate"
"ID1000","Male",176.24,59.08,"Moderate"
